{"cameraMode":{"drawMode":0,"name":"Shaded","section":"Shading Mode"},"sceneLighting":false,"audioPlay":false,"sceneViewState":{"m_AlwaysRefresh":false,"showFog":true,"showSkybox":false,"showFlares":true,"showImageEffects":true,"showParticleSystems":true,"showVisualEffectGraphs":true,"m_FxEnabled":true},"in2DMode":false,"pivot":{"x":0.15558570623397828,"y":-0.028408745303750039,"z":0.0021049175411462785},"rotation":{"x":-0.008999529294669629,"y":0.008407031185925007,"z":-0.00007529138383688405,"w":-0.9999299645423889},"size":1.5534560680389405,"orthographic":false}