{"cameraMode":{"drawMode":0,"name":"Shaded","section":"Shading Mode"},"sceneLighting":true,"audioPlay":false,"sceneViewState":{"m_AlwaysRefresh":false,"showFog":true,"showSkybox":true,"showFlares":true,"showImageEffects":true,"showParticleSystems":true,"showVisualEffectGraphs":true,"m_FxEnabled":true},"in2DMode":false,"pivot":{"x":10.692151069641114,"y":1.7315363883972169,"z":-0.45805931091308596},"rotation":{"x":-0.005999305751174688,"y":-0.01499904040247202,"z":-0.0000899807782843709,"w":0.9998703598976135},"size":17.953092575073243,"orthographic":false}