{"cameraMode":{"drawMode":0,"name":"Shaded","section":"Shading Mode"},"sceneLighting":true,"audioPlay":false,"sceneViewState":{"m_AlwaysRefresh":false,"showFog":true,"showSkybox":true,"showFlares":true,"showImageEffects":true,"showParticleSystems":true,"showVisualEffectGraphs":true,"m_FxEnabled":true},"in2DMode":false,"pivot":{"x":0.9133664965629578,"y":1.0177621841430665,"z":0.789229691028595},"rotation":{"x":-0.09883883595466614,"y":-0.0014932797057554126,"z":-0.00014493032358586788,"w":0.9951075315475464},"size":5.326979637145996,"orthographic":false}